"序号","思想轴","来源","年份","类型","底层思想","可转化变量","对CTAS价值","是否非AIGC/非Diffusion","质量判断","来源链接"
"1","心理物理美学","Gustav Fechner, Vorschule der Aesthetik","1876","书/理论源头","审美可以像知觉一样被经验研究，而不是只靠哲学判断","empirical_aesthetics;subjective_rating;preference_distribution","把 PCA-B0 的人类小样本评价正当化为经验美学实验","是","经典源头","https://link.springer.com/book/10.1007/978-3-662-57313-6"
"2","心理物理美学","George D. Birkhoff, Aesthetic Measure","1933","书/数学美学","美感可被建模为 order 与 complexity 的关系","order;complexity;unity_in_variety","给 S_aes 提供 order/complexity 变量，不等于最终审美真理","是","经典源头","https://books.google.com/books/about/Aesthetic_Measure.html?id=KPXWAAAAMAAJ"
"3","心理物理美学","D. E. Berlyne, Aesthetics and Psychobiology","1971","书/心理美学","新颖性、复杂度、惊讶、不确定性构成 arousal potential，审美偏好常呈倒 U","novelty;complexity;surprise;arousal;inverted_U","解释为什么太像无聊、太怪失控，CTAS 应寻找主体边界内的适中激活","是","经典源头","https://cir.nii.ac.jp/crid/1362825893293865088"
"4","心理物理美学","Martindale, Moore, West, Relationship of Preference Judgments to Typicality, Novelty, and Mere Exposure","1988","论文","偏好受典型性、新颖性、重复曝光共同影响","typicality;novelty;mere_exposure;preference","把熟悉/新颖平衡接到记忆激活和主体可接受偏离","是","底层机制强","https://journals.sagepub.com/doi/10.2190/MCAJ-0GQT-DJTL-LNQD"
"5","流畅性与熟悉性","Zajonc, Attitudinal Effects of Mere Exposure","1968","论文","重复曝光本身可提升态度和喜欢程度","familiarity;exposure_frequency;liking","解释 reference/个人记忆为什么需要熟悉线索，而不是只要新奇","是","经典高影响","https://cir.nii.ac.jp/crid/1364233268648214656?lang=en"
"6","流畅性与熟悉性","Reber, Schwarz, Winkielman, Processing Fluency and Aesthetic Pleasure","2004","论文","审美愉悦部分来自加工流畅性，容易处理的刺激更容易被喜欢","processing_fluency;symmetry;contrast;prototypicality","把 S_aes 从单一美学分数拆成 fluency 与复杂度的平衡","是","经典高影响","https://pubmed.ncbi.nlm.nih.gov/15582859/"
"7","流畅性与熟悉性","Bornstein, Exposure and Affect: Overview and Meta-analysis","1989","综述","mere exposure 效应稳健，但受刺激、呈现方式和意识水平影响","exposure;affect;recognition;implicit_familiarity","用于区分用户熟悉感、识别感和真正记忆触发","是","综述价值高","https://psycnet.apa.org/record/1989-28248-001"
"8","新颖性与可接受性","Hekkert, Snelders, van Wieringen, Most Advanced Yet Acceptable","2003","论文/设计理论","审美偏好来自 typicality 与 novelty 的联合平衡","typicality;novelty;acceptability;MAYA","直接对应主体一致性约束下的创新：advanced but acceptable","是","设计理论核心","https://doi.org/10.1348/000712603762842147"
"9","新颖性与可接受性","Berghman and Hekkert, UMA model / aesthetic appeal","2017","理论模型","审美吸引力不仅是 MAYA，还涉及统一性、意义和自主性等层级","unity;meaning;autonomy;typicality;novelty","防止 CTAS 只用 novelty/typicality 解释所有美感","是","扩展理论","https://doi.org/10.1016/j.actpsy.2016.11.006"
"10","新颖性与可接受性","Loewy, MAYA principle in industrial design","1951","设计思想","最先进但仍可接受的设计更容易被大众接受","acceptable_deviation;design_boundary","把 allowed variants 写成可接受偏离，而不是任意风格化","是","思想源头","https://en.wikipedia.org/wiki/Raymond_Loewy"
"11","审美加工过程","Leder, Belke, Oeberst, Augustin, A Model of Aesthetic Appreciation and Aesthetic Judgements","2004","论文/认知模型","审美体验经过知觉分析、隐性记忆、显性分类、认知掌握和评价","perceptual_analysis;implicit_memory;classification;cognitive_mastering;evaluation","把 CTAS 的美感/记忆/情绪拆成阶段，而不是一个总分","是","审美认知核心","https://cir.nii.ac.jp/crid/1370004239451402376"
"12","审美加工过程","Pelowski et al., Aesthetic Episodes and Transformative Experiences","2017","模型/综述","审美体验可能引发情绪、意义重构和自我相关变化","meaning_making;self_relevance;transformation","支持“打动人”不只是喜欢，而可能改变解释框架","是","理论拓展","https://doi.org/10.1017/9781316479932.011"
"13","审美加工过程","Silvia, Emotional Responses to Art: From Collation and Arousal to Cognition and Emotion","2005","论文","艺术情绪来自兴趣、理解和评价，不只是刺激属性","interest;appraisal;understanding;complexity","把情绪激活与认知解释连接，适合 VLM explanation + human audit","是","理论相关","https://doi.org/10.1037/1089-2680.9.4.342"
"14","审美情绪","Menninghaus et al., The Distancing-Embracing Model of the Enjoyment of Negative Emotions in Art Reception","2017","论文/综述","艺术可通过距离化和拥抱机制让负性情绪变得可享受","aesthetic_distance;being_moved;negative_emotion_enjoyment","解释为什么怀旧、孤独、悲伤也可能动人","是","高价值厚书层","https://pmc.ncbi.nlm.nih.gov/articles/PMC5459466/"
"15","审美情绪","Schindler et al., Measuring Aesthetic Emotions","2017","论文/量表","审美情绪可细分为 awe, fascination, being moved, nostalgia 等","awe;being_moved;nostalgia;fascination;interest","给 human mini study 提供比 happy/sad 更贴切的情绪词表","是","可操作性强","https://doi.org/10.1037/emo0000259"
"16","审美情绪","Keltner and Haidt, Approaching Awe","2003","论文","敬畏来自 vastness 和 need for accommodation","vastness;accommodation;awe","解释宏大、庄严、震撼类图像如何打动人","是","情绪机制强","https://doi.org/10.1080/02699930302297"
"17","预测编码","Van de Cruys and Wagemans, Putting Reward in Art: A Tentative Prediction Error Account","2011","论文","艺术体验可来自预测误差、解释更新和张力释放","prediction_error;resolution;surprise;reward","解释 CTAS 为什么不能只最大化相似度，也要制造可解的惊喜","是","理论强","https://journals.sagepub.com/doi/10.1068/i0466aap"
"18","预测编码","Friston, The Free-Energy Principle","2010","综述/理论","认知系统倾向于降低预测误差和自由能","free_energy;prediction;uncertainty_reduction","给 surprise 与 cognitive mastery 提供底层计算框架","是","基础理论","https://www.nature.com/articles/nrn2787"
"19","预测编码","Clark, Whatever Next? Predictive Brains, Situated Agents","2013","论文","大脑是预测机器，知觉是预测和误差修正过程","predictive_processing;top_down_expectation;perceptual_inference","支持 reference/prompt 作为 top-down expectation 的理论解释","是","认知理论核心","https://doi.org/10.1017/S0140525X12000477"
"20","信息论美学","Schmidhuber, Driven by Compression Progress","2008","论文","有趣、惊喜、美、好奇来自观察者内部压缩能力的进步","compression_progress;interestingness;learnability;surprise","把“有趣/打动人”建成可学习但不完全随机的变量","是","底层思想很强","https://arxiv.org/abs/0812.4360"
"21","信息论美学","Schmidhuber, Formal Theory of Creativity, Fun, and Intrinsic Motivation","2010","论文/理论","创造性和乐趣来自学习进步和内在动机","intrinsic_motivation;learning_progress;curiosity","解释 CTAS 为什么应追求可吸收的新信息，而非单纯漂亮","是","计算理论强","https://dblp.org/rec/journals/tamd/Schmidhuber10"
"22","信息论美学","Galanter, Computational Aesthetic Evaluation","2012","理论/计算美学","计算美学需同时考虑复杂度、秩序和人类评价","computational_aesthetics;complexity;human_judgment","提醒 PCA-B0 不应只相信自动分数","是","相关理论","https://doi.org/10.1162/LEON_a_00350"
"23","神经美学","Ramachandran and Hirstein, The Science of Art","1999","论文","提出峰值转移、分组、对比、隔离等艺术经验机制","peak_shift;grouping;contrast;isolation","解释风格化为什么可能增强主体特征，也可能过度扭曲主体","是","有趣且底层","https://philpapers.org/rec/RAMTSO-5"
"24","神经美学","Chatterjee and Vartanian, Neuroaesthetics","2014","综述","审美体验涉及感知-运动、情绪-价值、语义-知识三元系统","aesthetic_triad;sensory_motor;emotion_valuation;semantic_knowledge","给 CTAS 三层系统提供神经美学映射","是","权威综述","https://pubmed.ncbi.nlm.nih.gov/24768244/"
"25","神经美学","Pearce et al., Neuroaesthetics: The Cognitive Neuroscience of Aesthetic Experience","2016","综述","整合视觉审美的认知神经科学机制","reward;attention;expertise;context","补充人类审美不只是视觉质量，也受知识和语境调节","是","综述价值高","https://pubmed.ncbi.nlm.nih.gov/26993278/"
"26","情感计算","Picard, Affective Computing","1997","书/领域源头","计算系统可以识别、表达和响应情感","affective_state;emotion_recognition;human_computer_affect","为 emotion/memory activation 的可计算性提供领域源头","是","领域源头","https://mitpress.mit.edu/9780262161701/affective-computing/"
"27","情感计算","Russell, A Circumplex Model of Affect","1980","论文","情感可由 valence 与 arousal 组织成二维结构","valence;arousal;core_affect","把情绪标签拆成可测连续变量","是","经典高影响","https://cir.nii.ac.jp/crid/1364233270668322432"
"28","情感计算","Bradley and Lang, Self-Assessment Manikin","1994","量表/方法","用非语言图形量表测 valence、arousal、dominance","valence;arousal;dominance;SAM","可直接进入 PCA-B0 human mini study 问卷设计","是","方法实用","https://journals.plos.org/plosone/article?id=10.1371/journal.pone.0148037"
"29","情感计算","Lang, Bradley, Cuthbert, International Affective Picture System","1997","数据/方法","用标准图片诱发并标注情绪维度","affective_norms;valence;arousal;dominance","给 OASIS/IAPS 类心理学数据提供方法根基","是","心理学经典","https://csea.phhp.ufl.edu/media.html"
"30","情感计算","Damasio, Somatic Marker Hypothesis","1996","论文/神经心理理论","情绪和身体状态会引导判断与决策","somatic_marker;body_state;decision_bias","解释为什么“打动人”不是纯视觉评分，而包含身体化评价","是","底层思想强","https://pubmed.ncbi.nlm.nih.gov/8941953/"
"31","个人记忆","Conway and Pleydell-Pearce, Self-Memory System","2000","论文/记忆模型","自传体记忆是 working self 与 autobiographical knowledge base 的动态构造","autobiographical_memory;self_relevance;life_period;event_specific_knowledge","把 personal memory activation 与自我相关线索连接起来","是","核心理论","https://research-information.bris.ac.uk/en/publications/the-construction-of-autobiographical-memories-in-the-self-memory-"
"32","个人记忆","Tulving, Episodic and Semantic Memory","1972","理论/记忆分类","区分 episodic memory 与 semantic memory","episodic_memory;semantic_memory;autonoetic_consciousness","解释个人记忆线索与一般知识/文化语义的区别","是","经典源头","https://psycnet.apa.org/record/1974-04395-001"
"33","个人记忆","Rubin, Schrauf, Greenberg, Belief and Recollection of Autobiographical Memories","2003","论文","自传体记忆包含信念、重构和感官/情绪成分","recollection;belief;vividness;emotion","提示 human study 应问解释和触发线索，而不是只问喜欢","是","记忆机制强","https://doi.org/10.3758/BF03196443"
"34","个人记忆","Wildschut et al., Nostalgia: Content, Triggers, Functions","2006","论文","怀旧由自传体记忆触发，具有社会联结和自我连续性功能","nostalgia;self_continuity;social_connectedness;trigger","把怀旧从风格词变成可问卷化变量","是","核心怀旧理论","https://doi.org/10.1037/0022-3514.91.5.975"
"35","个人记忆","Batcho, Nostalgia Inventory","1995","量表/心理学","怀旧倾向可以被量表测量，不同人差异明显","nostalgia_proneness;personal_difference","提醒 Personal Memory MiniSet 需要记录个体差异","是","测量有用","https://doi.org/10.1037/t01372-000"
"36","个人记忆","Isola et al., What Makes an Image Memorable?","2011","论文/数据","图像 memorability 有可预测性且跨人较稳定","memorability;image_level_memory;recognition","作为 memorability proxy 源头，但不能等同个人回忆","是","经典数据源","https://web.mit.edu/phillipi/www/publications/WhatMakesAnImageMemorable.pdf"
"37","个人记忆","Khosla et al., Understanding and Predicting Image Memorability at a Large Scale","2015","论文/数据","LaMem 扩展大规模图像记忆性预测","memorability_score;image_features;deep_model","提供 memory proxy，但需与 personal memory 明确区分","是","核心数据源","https://people.csail.mit.edu/khosla/papers/iccv2015_khosla.pdf"
"38","个人记忆","THINGS Initiative","2019","数据/认知资源","系统化对象概念图像，支持相似性、记忆、脑成像等扩展","object_concept;semantic_memory;similarity;recognition","把物件记忆、概念记忆和图像生成任务连接起来","是","高质量认知资源","https://things-initiative.org/"
"39","文化/符号","Arnheim, Art and Visual Perception","1954/1974","书/格式塔心理学","视觉组织、平衡、张力和结构是审美理解的核心","gestalt;balance;tension;visual_structure","给构图和主体结构 gate 提供非 AI 理论来源","是","艺术心理经典","https://www.ucpress.edu/books/art-and-visual-perception-second-edition/paper"
"40","文化/符号","Gombrich, Art and Illusion","1960","书/艺术史与知觉","图像再现依赖 schema、修正和观看者心理经验","schema;representation;illusion;viewer_expectation","解释为什么 reference 不是复制模板，而是价值锚点和图式","是","艺术史经典","https://mitpressbookstore.mit.edu/book/9780691070001"
"41","文化/符号","Panofsky, Studies in Iconology","1939","书/图像学","图像意义有前图像、图像志和图像学层级","iconography;iconology;symbolic_meaning;cultural_code","支持文化记忆和物件符号不应只用视觉相似度判断","是","人文学经典","https://www.finestresullarte.info/en/books/studies-in-iconology-by-erwin-panofsky"
"42","文化/符号","Barthes, Rhetoric of the Image","1964","论文/符号学","图像通过 denotation、connotation、anchorage 传递意义","denotation;connotation;anchorage;visual_rhetoric","解释 prompt/text 如何锚定图像意义和记忆联想","是","符号学经典","https://www.degruyter.com/document/doi/10.1515/9781474471809-006/html"
"43","文化/符号","Goodman, Languages of Art","1968","书/符号系统","艺术是符号系统，表示和例示不等于简单相似","symbol_system;exemplification;reference","帮助区分 reference similarity 与 symbolic reference","是","哲学美学核心","https://www.hup.harvard.edu/books/9780915144341"
"44","设计/日常物","Norman, Emotional Design","2004","书/设计心理学","产品/视觉体验有 visceral、behavioral、reflective 三层情感","visceral;behavioral;reflective;emotional_design","把图像的即时美感、可理解性和反思性记忆分层","是","设计理论实用","https://www.basicbooks.com/titles/don-norman/emotional-design/9780465051366/"
"45","设计/日常物","Gibson, The Ecological Approach to Visual Perception","1979","书/生态知觉","知觉直接面向环境中的 affordances","affordance;environment;action_possibility","解释日常物件为什么能触发身体经验和记忆","是","知觉理论核心","https://www.routledge.com/The-Ecological-Approach-to-Visual-Perception/Gibson/p/book/9781848725782"
"46","设计/日常物","Barsalou, Perceptual Symbol Systems","1999","论文/认知理论","概念知识部分来自感知模拟和情境化再激活","perceptual_symbol;simulation;embodied_concept","解释物件、场景、材质为什么能激活记忆，而不只是被分类","是","认知理论强","https://doi.org/10.1017/S0140525X99002149"
